{"stats":{"minecraft:picked_up":{"minecraft:wheat":283,"minecraft:barrier":1,"minecraft:azure_bluet":3,"minecraft:ladder":4,"minecraft:end_portal_frame":2,"minecraft:pink_wool":1,"minecraft:potato":291,"minecraft:bedrock":1,"minecraft:cornflower":1,"minecraft:bow":1,"minecraft:wheat_seeds":14,"minecraft:iron_ingot":23,"minecraft:iron_ore":189,"minecraft:written_book":2,"minecraft:jungle_sapling":1,"minecraft:poppy":1,"minecraft:sugar_cane":5,"minecraft:oak_planks":283,"minecraft:stick":315,"minecraft:sweet_berries":119,"minecraft:stone_button":1,"minecraft:grass_block":1,"minecraft:carrot":159,"minecraft:gold_ore":63,"minecraft:redstone":1,"minecraft:gray_stained_glass_pane":536,"minecraft:repeating_command_block":1,"minecraft:arrow":39,"minecraft:command_block":1,"minecraft:rotten_flesh":3,"minecraft:diamond":67,"minecraft:writable_book":1,"minecraft:gold_ingot":1,"minecraft:oak_sapling":2,"minecraft:cobblestone":70,"minecraft:oxeye_daisy":3},"minecraft:used":{"minecraft:water_bucket":22,"minecraft:oak_trapdoor":76,"minecraft:wheat_seeds":12,"minecraft:stripped_acacia_wood":3,"minecraft:writable_book":10,"minecraft:iron_ore":26,"minecraft:acacia_log":62,"minecraft:spruce_door":1,"minecraft:dropper":2,"minecraft:birch_planks":127,"minecraft:polished_andesite":173,"minecraft:redstone":80,"minecraft:oak_planks":1645,"minecraft:ladder":15,"minecraft:oak_sign":53,"minecraft:chest":104,"minecraft:ender_chest":2,"minecraft:stone":495,"minecraft:redstone_block":5,"minecraft:jungle_pressure_plate":8,"minecraft:structure_void":9,"minecraft:sugar_cane":42,"minecraft:bell":1,"minecraft:farmland":11,"minecraft:oak_door":1,"minecraft:oak_leaves":743,"minecraft:torch":4,"minecraft:end_stone_brick_wall":2,"minecraft:dark_oak_trapdoor":13,"minecraft:anvil":1,"minecraft:dirt":117,"minecraft:sand":12,"minecraft:rail":12,"minecraft:comparator":18,"minecraft:crafting_table":3,"minecraft:oak_slab":419,"minecraft:hopper":51,"minecraft:jungle_planks":19,"minecraft:light_blue_wool":279,"minecraft:jungle_slab":1,"minecraft:campfire":2,"minecraft:stone_brick_wall":209,"minecraft:dark_oak_door":2,"minecraft:piston":5,"minecraft:andesite_wall":1,"minecraft:redstone_torch":25,"minecraft:oak_log":1219,"minecraft:jungle_sapling":194,"minecraft:glass":109,"minecraft:dark_oak_planks":44,"minecraft:stone_brick_slab":1,"minecraft:wooden_hoe":5,"minecraft:oxeye_daisy":1,"minecraft:diamond_shovel":16,"minecraft:coal_ore":38,"minecraft:bookshelf":25,"minecraft:quartz_pillar":49,"minecraft:birch_slab":156,"minecraft:command_block":57,"minecraft:red_wool":2,"minecraft:iron_block":27,"minecraft:lantern":5,"minecraft:grass_block":441,"minecraft:oak_stairs":479,"minecraft:string":34,"minecraft:barrier":168,"minecraft:stone_button":5,"minecraft:quartz_block":23,"minecraft:spruce_trapdoor":35,"minecraft:dark_oak_slab":83,"minecraft:smooth_quartz":96,"minecraft:diamond_ore":9,"minecraft:iron_door":5,"minecraft:barrel":1,"minecraft:gravel":35,"minecraft:pink_wool":15,"minecraft:stone_brick_stairs":65,"minecraft:stone_bricks":275,"minecraft:yellow_wool":130,"minecraft:repeater":40,"minecraft:tripwire_hook":3,"minecraft:glowstone":2,"minecraft:cobblestone":88,"minecraft:bow":4,"minecraft:magenta_wool":57,"minecraft:written_book":11,"minecraft:sweet_berries":18,"minecraft:oak_sapling":181,"minecraft:furnace":1,"minecraft:grindstone":2,"minecraft:white_stained_glass_pane":5,"minecraft:repeating_command_block":106,"minecraft:chain_command_block":116,"minecraft:end_portal_frame":17,"minecraft:glass_pane":65,"minecraft:acacia_wood":79,"minecraft:chest_minecart":2,"minecraft:coarse_dirt":31,"minecraft:acacia_planks":72,"minecraft:jukebox":1,"minecraft:bone_meal":1488,"minecraft:birch_stairs":1},"minecraft:dropped":{"minecraft:repeating_command_block":1,"minecraft:wheat":61,"minecraft:command_block":1,"minecraft:grass_block":1,"minecraft:oak_sapling":2,"minecraft:end_portal_frame":19,"minecraft:writable_book":1,"minecraft:arrow":1,"minecraft:written_book":70},"minecraft:custom":{"minecraft:interact_with_furnace":7,"minecraft:inspect_dropper":31,"minecraft:interact_with_anvil":1,"minecraft:inspect_hopper":76,"minecraft:interact_with_crafting_table":5,"minecraft:open_barrel":11,"minecraft:play_one_minute":1040413,"minecraft:leave_game":17,"minecraft:time_since_death":232982,"minecraft:climb_one_cm":5863,"minecraft:time_since_rest":233020,"minecraft:sprint_one_cm":83631,"minecraft:open_enderchest":3,"minecraft:damage_taken":548,"minecraft:walk_one_cm":333817,"minecraft:drop":157,"minecraft:damage_dealt":40,"minecraft:fly_one_cm":2729417,"minecraft:open_chest":655,"minecraft:crouch_one_cm":46186,"minecraft:deaths":2,"minecraft:sneak_time":43351,"minecraft:walk_under_water_one_cm":282,"minecraft:jump":1180,"minecraft:walk_on_water_one_cm":215,"minecraft:fall_one_cm":6032}},"DataVersion":2230}