{"stats":{"minecraft:picked_up":{"minecraft:sweet_berries":5},"minecraft:dropped":{"minecraft:end_portal_frame":38},"minecraft:used":{"minecraft:bedrock":2,"minecraft:sweet_berries":4,"minecraft:barrier":1,"minecraft:pink_wool":4},"minecraft:custom":{"minecraft:time_since_rest":853,"minecraft:open_chest":10,"minecraft:play_one_minute":40430,"minecraft:crouch_one_cm":1715,"minecraft:sprint_one_cm":67968,"minecraft:inspect_dropper":1,"minecraft:walk_one_cm":32054,"minecraft:damage_taken":1960,"minecraft:deaths":9,"minecraft:sneak_time":2706,"minecraft:drop":38,"minecraft:jump":558,"minecraft:interact_with_grindstone":2,"minecraft:damage_dealt":114,"minecraft:leave_game":1,"minecraft:time_since_death":807,"minecraft:walk_on_water_one_cm":57,"minecraft:climb_one_cm":3491,"minecraft:fly_one_cm":623942,"minecraft:fall_one_cm":14715}},"DataVersion":2230}